Accuracy,Silhouette
0.9633333333333334,0.12807724645087423
