Accuracy,Silhouette
0.9707142857142858,0.07363212859794341
