Accuracy,Silhouette
0.9698809523809524,0.10153419294868656
