Accuracy,Silhouette
0.9296428571428571,0.18039782416308478
