Accuracy,Silhouette
0.9710714285714286,0.08374619974446261
